<!-- See http://msdn.microsoft.com/en-us/library/bb514188.aspx for details -->
<Dictionary>
  <Words>
    <Unrecognized>
    </Unrecognized>
    <Recognized>
      <Word>e</Word>  <!-- to get eTag variants working -->
      <Word>autofac</Word>
      <Word>api</Word>
      <Word>apis</Word>
      <Word>auth</Word>
      <Word>bson</Word>
      <Word>cors</Word>
      <Word>ctor</Word>
      <Word>deserializes</Word>
      <Word>dto</Word>
      <Word>edm</Word>
      <Word>guid</Word>
      <Word>hashset</Word>
      <Word>infos</Word>
      <Word>jwt</Word>
      <Word>loc</Word>
      <Word>mpns</Word>
      <Word>mvc</Word>
      <Word>nullables</Word>
      <Word>nuget</Word>
      <Word>queryables</Word>
      <Word>realtime</Word>
      <Word>rel</Word>
      <Word>rev</Word>
      <Word>rfc</Word>
      <Word>src</Word>
      <Word>CancellationToken</Word>
      <Word>CloudBlobStream</Word>
      <Word>CloudStorageAccount</Word>
      <Word>ServiceBus</Word>
      <Word>ServiceBusTrigger</Word>
      <Word>BrokeredMessage</Word>
      <Word>ICollector</Word>
      <Word>IAsyncCollector</Word>
      <Word>FunctionId</Word>
      <Word>WebJobs</Word>
      <Word>TextWriter</Word>
      <Word>INameResolver</Word>
      <Word>IJobHostContextFactory</Word>
      <Word>ReflectedType</Word>
      <Word>IDictionary</Word>
      <Word>IQueryable</Word>
      <Word>ITableEntity</Word>
      <Word>CloudQueue</Word>
      <Word>IStorageQueueMessage</Word>
      <Word>IAttributeBindingSource</Word>
      <Word>ServiceProvider</Word>
      <Word>RequestedObjectKey</Word>
      <Word>FileAccess</Word>
      <Word>ReadWrite</Word>
      <Word>IStorageTable</Word>
      <Word>TableEntityContext</Word>
      <Word>TableName</Word>
      <Word>PropertyType</Word>
      <Word>TextReader</Word>
      <Word>Aborter</Word>
      <Word>Unparsable</Word>
      <Word>Unparsable</Word>
      <Word>Ninject</Word>
      <Word>PartitionKey</Word>
      <Word>RowKey</Word>
      <Word>BlobAttribute</Word>
      <Word>ConnectionString</Word>
      <Word>MessagingProvider</Word>
      <Word>CloudBlobContainer</Word>
      <Word>SingletonAttribute</Word>
      <Word>Prefetch</Word>
      <Word>ScopeId</Word>
      <Word>poco</Word>
      <Word>ResolutionPolicyType</Word>
      <Word>AppSetting</Word>
      <Word>AutoResolve</Word>
    </Recognized>
    <Deprecated/>
    <Compound>
      <Term CompoundAlternate="CancellationToken">cancellationToken</Term>
      <Term CompoundAlternate="TableName">tableName</Term>
      <Term CompoundAlternate="ETag">etag</Term>
      <Term CompoundAlternate="ETag">eTag</Term>
    </Compound>
    <DiscreteExceptions>
      <Term>Poco</Term>
		<Term>WebJobs</Term>
      <Term>FunctionId</Term>
		<Term>ServiceBus</Term>
		<Term>PartitionKey</Term>
		<Term>RowKey</Term>
		<Term>BlobAttribute</Term>
		<Term>ConnectionString</Term>
		<Term>MessagingProvider</Term>
		<Term>SingletonAttribute</Term>
		<Term>ScopeId</Term>
    </DiscreteExceptions>
  </Words>
  <Acronyms>
    <CasingExceptions>
	<Acronym>ETag</Acronym>
    </CasingExceptions>
  </Acronyms>
</Dictionary>
